<?xml version="1.0" encoding="UTF-8" ?>
<!DOCTYPE mapper PUBLIC "-//mybatis.org//DTD Mapper 3.0//EN" "http://mybatis.org/dtd/mybatis-3-mapper.dtd" >
<mapper namespace="com.smart.dao.CollectMapper" >
  <resultMap id="BaseResultMap" type="com.smart.entity.Collect" >
    <id column="id" property="id" jdbcType="INTEGER" />
    <result column="username" property="username" jdbcType="VARCHAR" />
    <result column="newstitle" property="newstitle" jdbcType="VARCHAR" />
    <result column="newsid" property="newsid" jdbcType="VARCHAR" />
  </resultMap>
  <sql id="Base_Column_List" >
    id, username, newstitle, newsid
  </sql>
  <select id="getCollectById" resultMap="BaseResultMap" parameterType="java.lang.String" >
    select 
    <include refid="Base_Column_List" />
    from collect
    where username = #{username,jdbcType=VARCHAR}
  </select>
  <delete id="deleteCollect" parameterType="java.lang.Integer" >
    delete from collect
    where id = #{id,jdbcType=INTEGER}
  </delete>
  <insert id="saveCollect" parameterType="com.smart.entity.Collect" >
    insert into collect (id, username, newstitle,
      newsid)
    values (#{id,jdbcType=INTEGER}, #{username,jdbcType=VARCHAR}, #{newstitle,jdbcType=VARCHAR},
      #{newsid,jdbcType=VARCHAR})
  </insert>


</mapper>